,City,Country,Lat,Lng,Max Temp,Humidity,Cloudiness,Wind Speed,Current Description
0,victoria,HK,22.2855,114.1577,65.97,90,100,1.01,overcast clouds
1,ushuaia,AR,-54.8,-68.3,62.26,63,75,11.5,broken clouds
2,brae,GB,60.3964,-1.353,37.31,53,100,32.79,overcast clouds
3,tazovskiy,RU,67.4667,78.7,-25.1,100,89,0.49,overcast clouds
4,clyde river,CA,70.4692,-68.5914,-30.77,68,0,10.36,clear sky
5,bredasdorp,ZA,-34.5322,20.0403,62.28,88,12,3.44,few clouds
6,tasiilaq,GL,65.6145,-37.6368,17.49,54,100,56.8,light snow
7,palmares do sul,BR,-30.2578,-50.5097,70.32,66,22,10.87,few clouds
8,codrington,AU,-38.2667,141.9667,83.23,28,0,9.04,clear sky
9,kipushi,CD,-11.7667,27.2333,61.79,99,100,3.02,light rain
10,ribeira grande,PT,38.5167,-28.7,61.18,84,10,14.58,clear sky
11,upernavik,GL,72.7868,-56.1549,-16.49,100,100,7.74,overcast clouds
12,najran,SA,17.4924,44.1277,50.65,58,26,3.33,scattered clouds
13,natal,BR,-5.795,-35.2094,81.25,78,20,9.22,few clouds
14,port alfred,ZA,-33.5906,26.891,73.96,78,98,4.9,overcast clouds
15,saint-philippe,RE,-21.3585,55.7679,78.39,85,91,13.87,overcast clouds
16,abong mbang,CM,3.9833,13.1833,63.37,37,11,2.89,few clouds
17,alcudia,ES,39.8532,3.1214,45.37,70,0,9.24,clear sky
18,hithadhoo,MV,-0.6,73.0833,82.31,70,43,14.9,scattered clouds
19,cape town,ZA,-33.9258,18.4232,64.27,87,20,1.01,few clouds
20,kedougou,SN,12.5579,-12.1743,75.78,12,2,3.04,clear sky
21,dikson,RU,73.5069,80.5464,-14.06,97,100,15.68,overcast clouds
22,ugoofaaru,MV,5.6667,73.0,80.44,72,62,9.64,broken clouds
23,kibakwe,TZ,-6.7167,36.3667,64.11,98,100,2.44,moderate rain
24,cartagena del chaira,CO,1.3349,-74.8429,74.34,90,100,1.83,overcast clouds
25,kalmunai,LK,7.4167,81.8167,75.16,83,49,8.39,scattered clouds
26,husavik,IS,66.0449,-17.3389,22.91,89,100,12.66,overcast clouds
27,eyemouth,GB,55.8713,-2.0901,35.83,69,3,16.73,clear sky
28,nanortalik,GL,60.1432,-45.2371,18.88,65,100,42.73,overcast clouds
29,carutapera,BR,-1.195,-46.02,75.85,93,100,4.47,overcast clouds
30,mizdah,LY,31.4451,12.9801,50.04,36,63,3.96,broken clouds
31,iskateley,RU,67.6803,53.1512,15.15,87,100,17.11,overcast clouds
32,abu samrah,SY,35.3029,37.1841,47.16,89,94,6.2,overcast clouds
33,jamestown,US,42.097,-79.2353,29.71,54,0,7.0,clear sky
34,nouadhibou,MR,20.931,-17.0347,65.1,80,94,13.31,overcast clouds
35,theog,IN,31.1167,77.35,35.24,77,49,3.36,scattered clouds
36,chuy,UY,-33.6971,-53.4616,63.37,68,13,16.75,few clouds
37,longyearbyen,SJ,78.2186,15.6401,19.24,68,0,5.75,clear sky
38,campoverde,PE,-8.4753,-74.8058,80.29,95,100,1.74,overcast clouds
39,corinto,GR,37.9407,22.9573,54.84,84,94,1.01,overcast clouds
40,hermanus,ZA,-34.4187,19.2345,63.9,92,87,3.89,overcast clouds
41,agnibilekrou,CI,7.1344,-3.2047,72.05,87,11,3.09,few clouds
42,busselton,AU,-33.65,115.3333,66.04,56,65,20.0,broken clouds
43,mar del plata,AR,-38.0023,-57.5575,63.88,81,40,23.0,scattered clouds
44,kidal,ML,18.4411,1.4078,61.65,15,0,10.42,clear sky
45,port elizabeth,ZA,-33.918,25.5701,69.1,77,0,4.61,clear sky
46,pokaran,IN,26.9167,71.9167,60.01,44,0,4.23,clear sky
47,qaanaaq,GL,77.484,-69.3632,-11.67,58,32,7.99,scattered clouds
48,kruisfontein,ZA,-34.0033,24.7314,66.88,66,0,2.39,clear sky
49,vila velha,BR,-20.3297,-40.2925,80.55,86,75,5.01,broken clouds
50,ashington,GB,50.9331,-0.3909,43.18,62,6,1.01,clear sky
51,atar,MR,20.5169,-13.0499,69.67,11,0,5.5,clear sky
52,helmsdale,GB,58.1168,-3.6517,38.17,78,55,9.51,broken clouds
53,praia,CV,14.9215,-23.5087,68.54,83,0,16.11,clear sky
54,kattivakkam,IN,13.2167,80.3167,77.07,81,51,3.29,broken clouds
55,bambous virieux,MU,-20.3428,57.7575,77.25,83,40,6.91,light rain
56,altay,CN,47.8667,88.1167,7.21,46,91,8.63,overcast clouds
57,tharad,IN,24.3961,71.6267,59.34,88,0,4.5,clear sky
58,albion,US,42.2431,-84.753,28.18,71,75,5.75,broken clouds
59,east london,ZA,-33.0153,27.9116,71.08,84,99,14.05,overcast clouds
60,mega,ET,4.05,38.3,61.12,35,21,7.25,few clouds
61,arlit,NE,18.7369,7.3853,61.79,12,0,8.21,clear sky
62,axim,GH,4.8699,-2.2405,78.19,87,100,4.59,overcast clouds
63,sinnamary,GF,5.3833,-52.95,77.11,89,100,8.3,overcast clouds
64,bollnas,SE,61.3482,16.3946,24.15,86,94,6.2,overcast clouds
65,lagoa,PT,39.05,-27.9833,59.65,85,7,15.75,clear sky
66,beyneu,KZ,45.3167,55.2,29.12,85,97,6.98,overcast clouds
67,jever,DE,53.5833,7.9,41.05,81,34,25.95,scattered clouds
68,micheweni,TZ,-4.9667,39.8333,78.94,83,100,6.55,overcast clouds
69,tarko-sale,RU,64.9225,77.785,-26.0,100,79,4.54,broken clouds
70,svetlyy,RU,54.675,20.1347,35.96,90,100,17.74,overcast clouds
71,lasa,IT,46.6166,10.7002,44.06,91,100,5.7,snow
72,georgetown,MY,5.4112,100.3354,80.53,89,20,0.0,few clouds
73,punta arenas,CL,-53.15,-70.9167,51.91,87,75,6.91,broken clouds
74,bathsheba,BB,13.2167,-59.5167,79.41,78,75,14.97,broken clouds
75,arraial do cabo,BR,-22.9661,-42.0278,75.79,90,0,20.27,clear sky
76,thinadhoo,MV,0.5333,72.9333,82.58,62,100,12.37,overcast clouds
77,iqaluit,CA,63.7506,-68.5145,-36.31,73,0,3.0,clear sky
78,saint george,US,37.1041,-113.5841,55.99,18,0,18.41,clear sky
79,manawar,IN,22.2333,75.0833,62.31,32,1,2.71,clear sky
80,mogadishu,SO,2.0371,45.3438,76.03,77,53,19.66,broken clouds
81,nueva helvecia,UY,-34.3,-57.2333,61.59,77,89,12.24,light rain
82,letlhakane,BW,-21.4167,25.5833,66.4,65,0,14.5,clear sky
83,urumqi,CN,43.801,87.6005,7.75,67,2,8.95,clear sky
84,cayenne,GF,4.9333,-52.3333,80.1,87,75,3.0,broken clouds
85,jacareacanga,BR,-6.2222,-57.7528,73.29,98,100,1.52,very heavy rain
86,epe,NG,6.5841,3.9834,73.63,95,36,0.98,scattered clouds
87,aquiraz,BR,-3.9014,-38.3911,82.18,79,2,7.05,clear sky
88,shetpe,KZ,44.1667,52.1167,30.72,97,99,2.75,light snow
89,tabas,IR,33.5959,56.9244,44.2,39,0,1.77,clear sky
90,saint-georges,GD,12.0564,-61.7485,78.48,83,75,14.97,broken clouds
91,raga,SS,8.4596,25.678,61.74,22,39,5.06,scattered clouds
92,lusaka,ZM,-15.4067,28.2871,59.18,95,48,5.23,scattered clouds
93,klaksvik,FO,62.2266,-6.589,32.92,51,100,20.38,overcast clouds
94,mahebourg,MU,-20.4081,57.7,77.29,83,40,6.91,scattered clouds
95,basqal,AZ,40.7552,48.391,19.92,44,0,6.69,clear sky
96,kangaatsiaq,GL,68.3065,-53.4641,7.84,86,100,24.25,overcast clouds
97,sicuani,PE,-14.2694,-71.2261,43.2,91,100,5.53,overcast clouds
98,touros,BR,-5.1989,-35.4608,79.7,74,22,9.37,few clouds
99,lebu,CL,-37.6167,-73.65,59.47,91,1,15.26,clear sky
100,luau,AO,-10.7073,22.2247,63.16,88,100,2.59,overcast clouds
101,ancona,IT,43.55,13.1667,53.82,62,99,16.11,overcast clouds
102,new glasgow,CA,45.5834,-62.6486,10.78,92,13,4.81,few clouds
103,puerto colombia,CO,10.9878,-74.9547,78.89,82,0,25.3,clear sky
104,ponta delgada,PT,37.7333,-25.6667,60.49,82,75,11.5,broken clouds
105,young,UY,-32.6833,-57.6333,64.22,64,4,5.97,clear sky
106,itaqui,BR,-29.1253,-56.5531,66.16,38,0,7.67,clear sky
107,mount pleasant,US,32.7941,-79.8626,46.38,75,100,1.99,overcast clouds
108,bengkulu,ID,-3.8004,102.2655,79.0,80,98,9.51,overcast clouds
109,souillac,MU,-20.5167,57.5167,77.38,83,40,6.91,scattered clouds
110,lipin bor,RU,60.2622,37.9763,9.48,96,94,10.83,overcast clouds
111,chipinge,ZW,-20.1883,32.6236,60.03,96,79,2.62,broken clouds
112,ambilobe,MG,-13.2,49.05,72.23,95,29,1.72,scattered clouds
113,talcahuano,CL,-36.7167,-73.1167,67.68,64,0,10.36,clear sky
114,olafsvik,IS,64.8945,-23.7142,30.72,62,100,31.27,heavy snow
115,pangnirtung,CA,66.1451,-65.7125,-37.5,96,100,3.98,overcast clouds
116,riyadh,SA,24.6877,46.7219,48.34,45,0,5.66,clear sky
117,hofn,IS,64.2539,-15.2082,30.2,67,100,12.12,overcast clouds
118,carupano,VE,10.6678,-63.2585,75.9,91,14,10.76,few clouds
119,usogorsk,RU,63.4106,48.6872,15.89,95,96,6.44,overcast clouds
120,isheyevka,RU,54.4167,48.2667,18.91,98,100,4.7,overcast clouds
121,san juan,AR,-31.5375,-68.5364,75.15,34,0,12.03,clear sky
122,sao filipe,CV,14.8961,-24.4956,72.61,76,0,5.19,clear sky
123,richards bay,ZA,-28.783,32.0377,71.31,91,78,2.66,light rain
124,buraydah,SA,26.326,43.975,45.05,46,0,6.76,clear sky
125,odienne,CI,9.51,-7.5692,71.28,18,10,0.49,clear sky
126,mehamn,NO,71.0357,27.8492,18.37,84,86,13.18,overcast clouds
127,gari,RU,59.4307,62.3497,5.65,97,100,5.44,overcast clouds
128,sitamarhi,IN,26.6,85.4833,53.78,74,0,2.64,clear sky
129,salvador,SV,13.8333,-88.9167,74.05,64,45,1.05,scattered clouds
130,gayny,RU,60.3071,54.3241,15.66,91,100,6.08,overcast clouds
131,acarau,BR,-2.8856,-40.12,79.12,78,2,12.97,clear sky
132,valdepenas,ES,38.7621,-3.3848,43.03,42,2,4.72,clear sky
133,rioja,AR,-29.4111,-66.8507,71.42,54,14,3.24,few clouds
134,castro,BR,-24.7911,-50.0119,63.09,80,4,2.48,clear sky
135,cap malheureux,MU,-19.9842,57.6142,77.49,86,100,1.99,overcast clouds
136,krasnoselkup,RU,65.7,82.4667,-22.32,100,40,6.82,scattered clouds
137,ludvika,SE,60.1496,15.1878,27.03,93,12,2.86,few clouds
138,kayes,ML,14.0,-11.0,75.02,9,0,6.11,clear sky
139,esna,EG,25.2934,32.554,50.02,43,0,9.13,clear sky
140,coquimbo,CL,-29.9533,-71.3436,64.13,82,100,5.75,overcast clouds
141,nchelenge,ZM,-9.3451,28.734,68.85,88,100,7.38,light rain
142,kourou,GF,5.1552,-52.6478,80.11,91,100,6.15,overcast clouds
143,orapa,BW,-21.2833,25.3667,67.59,63,0,13.98,clear sky
144,salihorsk,BY,52.7876,27.5415,32.47,98,100,17.31,light snow
145,general roca,AR,-39.0333,-67.5833,77.4,20,0,13.71,light rain
146,ilulissat,GL,69.2167,-51.1,-2.49,99,100,6.4,overcast clouds
147,foso,GH,5.7012,-1.2866,74.01,95,99,1.74,light rain
148,saldanha,ZA,-33.0117,17.9442,60.85,99,32,7.25,scattered clouds
149,san ramon,US,37.7799,-121.978,61.38,56,0,2.71,clear sky
150,cofradia,HN,15.4,-88.15,74.14,97,98,1.43,overcast clouds
151,namibe,AO,-15.1961,12.1522,72.68,69,94,8.48,overcast clouds
152,conceicao do araguaia,BR,-8.2578,-49.2647,74.5,92,95,1.86,overcast clouds
153,porto novo,BJ,6.4965,2.6036,82.22,88,43,3.87,scattered clouds
154,tombouctou,ML,20.0,-3.0,63.05,13,0,9.15,clear sky
155,gerash,IR,27.6652,54.1371,41.14,53,0,4.72,clear sky
156,llata,PE,-9.4167,-76.7833,53.28,86,100,2.08,overcast clouds
157,tromso,NO,69.6496,18.957,28.42,54,0,18.41,clear sky
158,narsaq,GL,60.9167,-46.05,8.74,81,100,8.08,overcast clouds
159,bagula,IN,23.3167,88.65,60.51,62,1,2.15,clear sky
160,praia da vitoria,PT,38.7333,-27.0667,60.76,94,75,18.05,broken clouds
161,fowa,NG,8.9167,6.4,74.84,19,1,2.84,clear sky
162,salinas,US,36.6777,-121.6555,64.42,65,0,0.0,clear sky
163,korla,CN,41.7597,86.1469,22.6,49,73,3.51,broken clouds
164,pombas,CV,17.1503,-25.0201,67.78,81,11,9.1,few clouds
165,jardim,BR,-21.4803,-56.1381,71.76,77,83,4.03,broken clouds
166,pisco,PE,-13.7,-76.2167,67.01,88,0,5.75,clear sky
167,roald,NO,62.5833,6.1333,40.33,75,75,16.11,broken clouds
168,zastron,ZA,-30.3023,27.084,60.39,72,23,4.14,few clouds
169,miraflores,MX,19.2167,-98.8083,61.86,64,15,3.87,few clouds
170,vardo,NO,70.3705,31.1107,23.2,82,70,20.45,broken clouds
171,agirish,RU,61.9247,63.0231,6.21,96,100,7.05,overcast clouds
172,pervomayskoye,RU,43.919,46.7102,35.67,76,100,14.9,overcast clouds
173,jhang,PK,33.6748,72.6963,51.62,80,54,7.85,broken clouds
174,jega,NG,12.2175,4.3792,67.78,16,0,10.51,clear sky
175,bournemouth,GB,50.7205,-1.8795,42.93,84,3,1.01,clear sky
176,el astillero,ES,43.4009,-3.8205,49.87,59,20,9.22,few clouds
177,caravelas,BR,-17.7125,-39.2481,76.68,85,43,6.08,scattered clouds
178,camacha,PT,33.0833,-16.3333,59.76,63,40,10.36,scattered clouds
179,dakar,SN,14.6937,-17.4441,68.88,79,0,15.17,clear sky
180,kashi,CN,39.4547,75.9797,28.26,79,40,4.47,scattered clouds
181,paita,PE,-5.0892,-81.1144,72.32,79,98,11.92,overcast clouds
182,kedrovyy,RU,56.1667,91.8167,12.61,90,100,4.56,overcast clouds
183,carnarvon,AU,-24.8667,113.6333,77.07,41,7,20.71,clear sky
184,kastamonu,TR,41.5,33.6667,21.58,96,68,1.41,broken clouds
185,totness,SR,5.8833,-56.3167,77.5,84,100,8.99,overcast clouds
186,usinsk,RU,65.9939,57.5281,1.9,86,100,8.19,overcast clouds
187,laredo,US,27.5064,-99.5075,62.89,39,0,4.61,clear sky
188,oriximina,BR,-1.7656,-55.8661,74.5,93,100,3.04,overcast clouds
189,castrillon,ES,43.3979,-6.7922,45.14,90,55,3.06,broken clouds
190,deder,ET,9.3167,41.45,50.5,89,100,5.84,overcast clouds
191,palasa,IN,18.7667,84.4167,67.64,70,98,3.22,overcast clouds
192,arrifes,PT,37.7667,-25.7,58.23,82,75,11.5,broken clouds
193,guaraniacu,BR,-25.1008,-52.8781,62.6,63,56,4.72,broken clouds
194,henties bay,NA,-22.116,14.2845,68.86,84,98,5.06,overcast clouds
195,port blair,IN,11.6667,92.75,78.84,83,40,4.61,scattered clouds
196,thompson,CA,55.7435,-97.8558,-7.44,71,100,4.61,overcast clouds
197,yar-sale,RU,66.8333,70.8333,-9.36,99,46,9.08,scattered clouds
198,birao,CF,10.2849,22.7882,62.62,16,4,9.04,clear sky
199,tanga,TZ,-5.0667,39.1,77.86,82,100,5.12,overcast clouds
200,koutiala,ML,12.3917,-5.4642,72.41,13,0,8.34,clear sky
201,odweyne,SO,9.4092,45.064,62.24,74,96,8.43,overcast clouds
202,port-cartier,CA,50.0334,-66.8654,3.74,96,100,3.69,light snow
203,coihaique,CL,-45.5752,-72.0662,70.41,56,91,5.75,overcast clouds
204,tucupita,VE,9.0622,-62.051,72.19,98,42,3.91,scattered clouds
205,mulanje,MW,-16.0316,35.5,66.42,99,38,1.34,scattered clouds
206,rawson,AR,-43.3002,-65.1023,65.03,47,0,17.98,clear sky
207,grand-santi,GF,4.25,-54.3833,72.45,99,100,2.39,overcast clouds
208,saint-pierre,RE,-21.3393,55.4781,78.48,78,0,6.91,clear sky
209,ronne,DK,55.1009,14.7066,35.51,87,40,17.27,scattered clouds
210,ponta do sol,PT,32.6667,-17.1,63.23,67,5,10.47,clear sky
211,waddan,LY,29.1614,16.139,55.6,26,97,6.87,overcast clouds
212,canutama,BR,-6.5339,-64.3831,72.7,99,100,2.06,overcast clouds
213,kavaratti,IN,10.5669,72.642,77.52,67,16,6.17,few clouds
214,kerchevskiy,RU,59.946,56.2884,14.5,87,100,7.18,overcast clouds
215,vestmannaeyjar,IS,63.4427,-20.2734,39.09,83,100,53.42,moderate rain
216,lubango,AO,-14.9172,13.4925,61.97,51,100,2.17,overcast clouds
217,andros town,BS,24.7,-77.7667,71.56,68,6,12.91,clear sky
218,the valley,AI,18.217,-63.0578,77.09,71,84,22.97,broken clouds
219,tiznit,MA,29.5833,-9.5,61.21,23,4,6.26,clear sky
220,uhlove,UA,44.8215,33.6045,41.58,78,46,14.03,scattered clouds
221,comodoro rivadavia,AR,-45.8667,-67.5,66.06,52,0,4.61,clear sky
222,jalu,LY,29.0331,21.5482,55.72,33,3,6.73,clear sky
223,general jose eduvigis diaz,PY,-27.1667,-58.4167,71.64,30,0,7.18,clear sky
224,geraldton,AU,-28.7667,114.6,75.61,38,40,18.41,scattered clouds
225,pucara,PE,-15.9803,-71.4606,35.73,62,100,3.33,overcast clouds
226,cidreira,BR,-30.1811,-50.2056,69.22,72,10,9.4,clear sky
227,kargat,RU,55.1956,80.2811,-3.46,95,100,3.24,overcast clouds
228,puerto del rosario,ES,28.5004,-13.8627,64.15,88,10,17.27,clear sky
229,sakakah,SA,29.9697,40.2064,42.37,57,0,5.19,clear sky
230,aden,YE,12.7794,45.0367,76.69,67,100,7.27,overcast clouds
231,necochea,AR,-38.5473,-58.7368,60.04,64,95,12.97,overcast clouds
232,candeias,BR,-20.7676,-45.2764,64.54,99,100,4.29,overcast clouds
233,villarrubia de los ojos,ES,39.2209,-3.608,43.99,47,25,5.37,scattered clouds
234,taltal,CL,-25.4,-70.4833,67.86,73,3,4.27,clear sky
235,nizwa,OM,22.9333,57.5333,61.21,56,1,2.1,clear sky
236,san cristobal,VE,7.7669,-72.225,69.98,90,26,1.28,scattered clouds
237,bagaha,IN,27.1,84.0833,52.84,79,0,1.28,clear sky
238,loandjili,CG,-4.7561,11.8578,75.31,100,20,4.61,few clouds
239,sabha,LY,27.0377,14.4283,52.93,23,25,9.93,scattered clouds
240,isabela,PH,6.7085,121.9711,84.25,69,96,8.1,overcast clouds
241,benjamin constant,BR,-4.3831,-70.0311,77.13,97,100,2.55,light rain
242,taoudenni,ML,22.6783,-3.9836,65.59,14,2,10.22,clear sky
243,saint anthony,US,45.0205,-93.218,12.4,69,75,5.01,broken clouds
244,quatre cocos,MU,-20.2078,57.7625,77.11,84,100,9.55,light rain
245,araouane,ML,18.9048,-3.5265,63.0,13,0,7.96,clear sky
246,zheleznodorozhnyy,RU,55.7503,38.0042,27.12,93,100,5.88,overcast clouds
247,chapais,CA,49.7834,-74.8492,4.78,95,100,6.08,light snow
248,antofagasta,CL,-23.65,-70.4,67.28,78,32,1.99,scattered clouds
249,saint-augustin,CA,51.226,-58.6502,-23.22,91,16,5.3,few clouds
250,paidha,UG,2.4167,30.9855,61.9,36,47,5.41,scattered clouds
251,inirida,CO,3.8653,-67.9239,77.31,82,87,1.05,overcast clouds
252,tshikapa,CD,-6.4167,20.8,68.95,95,100,1.05,overcast clouds
253,luderitz,NA,-26.6481,15.1594,68.68,74,49,3.22,scattered clouds
254,veraval,IN,20.9,70.3667,63.21,76,5,7.99,clear sky
255,ugra,RU,54.7777,34.3267,29.62,94,100,9.8,overcast clouds
256,hamilton,US,39.1834,-84.5333,31.42,82,0,0.0,clear sky
257,banposh,IN,22.25,84.8,56.7,39,0,1.52,clear sky
258,key west,US,24.5557,-81.7826,72.0,84,0,12.64,clear sky
259,matara,LK,5.9485,80.5353,77.36,81,100,3.71,overcast clouds
260,acari,PE,-15.4311,-74.6158,73.96,72,14,3.33,few clouds
261,hambantota,LK,6.1241,81.1185,77.34,88,40,4.61,scattered clouds
262,alappuzha,IN,9.49,76.3264,74.12,84,16,5.59,few clouds
263,westport,US,41.1415,-73.3579,30.74,75,75,4.0,broken clouds
264,dudinka,RU,69.4058,86.1778,-35.54,100,39,3.2,scattered clouds
265,west bay,KY,19.3667,-81.4167,78.01,83,75,1.99,broken clouds
266,turukhansk,RU,65.8167,87.9833,-25.38,100,45,3.89,scattered clouds
267,rockland,US,41.1668,-74.0496,29.43,81,40,4.23,scattered clouds
268,humaita,BR,-7.5061,-63.0208,73.99,98,100,1.97,overcast clouds
269,ruzhyn,UA,49.7228,29.2046,33.51,80,100,14.63,overcast clouds
270,nizhnyaya tavda,RU,57.6731,66.1725,-0.54,88,100,7.27,overcast clouds
271,novyy urengoy,RU,66.0833,76.6333,-21.19,100,80,1.83,broken clouds
272,mullingar,IE,53.5333,-7.35,39.67,95,87,5.79,overcast clouds
273,sept-iles,CA,50.2001,-66.3821,4.05,77,100,6.91,overcast clouds
274,imbituba,BR,-28.24,-48.6703,76.89,79,41,4.52,scattered clouds
275,havelock,US,34.8791,-76.9013,43.02,85,71,3.0,broken clouds
276,rundu,NA,-17.9333,19.7667,66.34,88,98,5.17,light rain
277,prenzlau,DE,53.3167,13.8667,38.21,82,100,18.86,overcast clouds
278,sao gabriel da cachoeira,BR,-0.1303,-67.0892,72.82,97,97,1.68,overcast clouds
279,tukrah,LY,32.5341,20.5791,55.27,72,73,8.75,broken clouds
280,luanda,AO,-8.8368,13.2343,73.65,87,100,5.17,overcast clouds
281,bandarbeyla,SO,9.4942,50.8122,74.46,75,98,12.48,overcast clouds
282,rocha,UY,-34.4833,-54.3333,63.41,85,100,14.88,overcast clouds
283,corralillo,CU,22.9819,-80.5856,73.47,78,2,12.06,clear sky
284,grand gaube,MU,-20.0064,57.6608,77.4,86,100,1.99,overcast clouds
285,tripoli,LY,32.8752,13.1875,57.92,77,100,9.22,overcast clouds
286,banyo,CM,6.75,11.8167,64.09,30,0,1.41,clear sky
287,banda aceh,ID,5.5577,95.3222,77.16,86,100,6.08,overcast clouds
288,hatta,IN,24.1167,79.6,55.02,36,0,3.06,clear sky
289,itarema,BR,-2.9248,-39.9167,79.25,76,1,12.28,clear sky
290,havre-saint-pierre,CA,50.2334,-63.5986,7.39,71,100,6.91,overcast clouds
291,glushkovo,RU,51.3392,34.6328,23.58,92,99,11.43,overcast clouds
292,biltine,TD,14.5333,20.9167,61.07,19,0,14.14,clear sky
293,doha,QA,25.2867,51.5333,58.98,63,0,12.66,clear sky
294,springdale,US,36.1867,-94.1288,37.53,69,0,6.91,clear sky
295,talnakh,RU,69.4865,88.3972,-28.37,99,56,0.51,broken clouds
296,lincoln,US,40.8,-96.667,35.29,52,0,1.01,clear sky
297,linhares,BR,-19.3911,-40.0722,73.31,95,3,2.77,clear sky
298,marmande,FR,44.5,0.1667,50.86,97,100,15.68,overcast clouds
299,santa maria,BR,-29.6842,-53.8069,65.5,68,0,2.3,clear sky
300,manta,EC,-0.95,-80.7333,76.78,83,75,9.22,broken clouds
301,bongandanga,CD,1.5,21.05,69.57,43,100,1.43,overcast clouds
302,nacala,MZ,-14.5428,40.6728,74.03,85,71,4.14,broken clouds
303,srivardhan,IN,18.0333,73.0167,67.21,80,24,5.35,few clouds
304,horasan,TR,40.0458,42.1728,0.03,97,92,1.43,overcast clouds
305,ostrovnoy,RU,68.0531,39.5131,11.84,88,16,19.71,few clouds
306,torbay,CA,47.6666,-52.7314,12.76,75,40,16.11,scattered clouds
307,moussoro,TD,13.6408,16.4901,62.89,13,0,14.16,clear sky
308,faya,SA,18.3851,42.4509,48.31,83,10,3.15,clear sky
309,villeneuve-les-avignon,FR,43.9684,4.7963,51.53,71,0,5.01,clear sky
310,cozumel,MX,20.5083,-86.9458,74.95,89,41,1.99,scattered clouds
311,bria,CF,6.5423,21.9863,63.72,22,92,5.35,overcast clouds
312,sarahan,IN,31.5167,77.8,33.53,74,38,6.67,scattered clouds
313,progreso,MX,21.2833,-89.6667,71.11,79,5,11.25,clear sky
314,barra do corda,BR,-5.5,-45.25,72.99,96,41,1.45,scattered clouds
315,plettenberg bay,ZA,-34.0527,23.3716,70.81,59,0,5.17,clear sky
316,dingle,PH,10.9995,122.6711,82.54,66,56,15.28,broken clouds
317,vallenar,CL,-28.5708,-70.7581,70.5,53,0,2.89,clear sky
318,llanes,ES,43.4198,-4.7549,44.28,62,75,7.7,broken clouds
319,nyanguge,TZ,-2.55,33.2,67.71,83,100,6.98,light rain
320,maniitsoq,GL,65.4167,-52.9,2.62,82,100,14.45,overcast clouds
321,antequera,ES,37.0194,-4.5612,53.1,93,6,4.07,clear sky
322,aswan,EG,24.0934,32.907,52.9,43,0,5.75,clear sky
323,medea,DZ,36.2642,2.7539,36.05,94,3,1.99,clear sky
324,kuusamo,FI,65.9667,29.1833,21.24,93,100,11.5,overcast clouds
325,venado tuerto,AR,-33.7456,-61.9688,57.76,62,0,3.56,clear sky
326,honningsvag,NO,70.9821,25.9704,25.7,78,55,28.25,broken clouds
327,margate,GB,51.3813,1.3862,41.95,68,4,10.0,clear sky
328,san antonio,US,29.4241,-98.4936,54.05,48,0,5.75,clear sky
329,felanitx,ES,39.4696,3.1483,44.13,84,0,3.89,clear sky
330,pedernales,DO,18.0384,-71.744,75.97,72,20,2.57,few clouds
331,inhambane,MZ,-23.865,35.3833,76.73,81,75,14.16,broken clouds
332,barra patuca,HN,15.8,-84.2833,74.77,70,5,8.12,clear sky
333,qaqortoq,GL,60.7167,-46.0333,11.37,60,100,29.82,overcast clouds
334,sirjan,IR,29.452,55.6814,40.55,58,0,5.73,clear sky
335,morondava,MG,-20.2833,44.2833,80.8,84,100,25.19,moderate rain
336,leshukonskoye,RU,64.8989,45.7622,13.03,94,99,7.7,overcast clouds
337,tabuk,PH,17.4189,121.4443,71.98,89,100,1.95,overcast clouds
338,jaru,BR,-10.4389,-62.4664,73.54,96,90,3.44,overcast clouds
339,paamiut,GL,61.994,-49.6678,9.84,70,100,29.91,overcast clouds
340,sladkovo,RU,55.5284,70.3385,-5.06,93,60,7.23,broken clouds
341,vila franca do campo,PT,37.7167,-25.4333,60.19,84,30,11.99,scattered clouds
342,hammelburg,DE,50.1167,9.9,39.09,90,95,15.52,overcast clouds
343,manakara,MG,-22.1333,48.0167,77.58,95,89,8.37,overcast clouds
344,aracoiaba,BR,-4.3711,-38.8142,73.85,86,35,2.86,scattered clouds
345,cockburn town,TC,21.4612,-71.1419,75.16,64,20,9.22,few clouds
346,bida,NG,9.0833,6.0167,74.86,19,2,3.94,clear sky
347,pontes e lacerda,BR,-15.2261,-59.3353,70.27,98,100,0.96,overcast clouds
348,aasiaat,GL,68.7098,-52.8699,6.8,93,100,5.32,light snow
349,urubicha,BO,-15.3833,-62.95,69.26,98,100,0.87,overcast clouds
350,hobyo,SO,5.3505,48.5268,75.7,71,100,17.63,overcast clouds
351,picton,AU,-34.1833,150.6,73.58,65,60,10.92,broken clouds
352,ribeira brava,PT,32.65,-17.0667,63.23,68,6,11.92,clear sky
353,muravlenko,RU,63.7898,74.523,-19.7,100,98,6.31,overcast clouds
354,rafaela,AR,-31.2503,-61.4867,63.0,58,0,7.27,clear sky
355,nurota,UZ,40.5614,65.6886,33.89,81,96,0.98,overcast clouds
356,lukoyanov,RU,55.0277,44.4786,8.15,97,98,5.93,overcast clouds
357,mandiana,GN,10.6333,-8.6833,71.65,15,0,4.34,clear sky
358,ciro marina,IT,39.3732,17.126,51.22,73,14,5.73,few clouds
359,walvis bay,NA,-22.9575,14.5053,70.75,83,91,4.61,overcast clouds
360,vila do maio,CV,15.1333,-23.2167,68.79,80,0,12.55,clear sky
361,jijiga,ET,9.35,42.8,57.33,73,5,9.44,clear sky
362,puri,IN,19.8,85.85,59.52,57,93,3.8,overcast clouds
363,sharan,RU,54.8167,54.0,14.5,97,100,2.39,overcast clouds
364,poros,GR,37.4994,23.4536,53.62,80,33,8.19,scattered clouds
365,rio grande,BR,-32.035,-52.0986,64.51,61,0,14.74,clear sky
366,mookane,BW,-23.688,26.6595,67.5,68,1,7.29,clear sky
367,sao joao da barra,BR,-21.6403,-41.0511,76.62,88,2,20.69,clear sky
368,presidencia roque saenz pena,AR,-26.7852,-60.4388,68.09,45,0,5.61,clear sky
369,starosubkhangulovo,RU,53.1031,57.4423,15.75,97,100,0.58,overcast clouds
370,kakonko,TZ,-3.2828,30.9642,62.64,95,98,2.24,light rain
371,goksun,TR,38.021,36.4973,12.09,83,1,4.79,clear sky
372,pemba,MZ,-12.974,40.5178,75.9,100,75,13.8,broken clouds
373,knysna,ZA,-34.0363,23.0471,68.38,52,0,3.58,clear sky
374,manavalakurichi,IN,8.1333,77.3,77.09,76,30,4.97,scattered clouds
375,katastarion,GR,37.8333,20.7667,56.1,87,40,8.86,scattered clouds
376,greensboro,US,36.0726,-79.792,33.04,65,0,4.83,clear sky
377,tver,RU,56.8619,35.8931,27.21,95,100,10.22,light snow
378,aksu,CN,41.1231,80.2644,20.23,48,100,0.6,overcast clouds
379,bauchi,NG,10.5,10.0,59.59,29,0,4.72,clear sky
380,kanigiri,IN,15.4,79.5167,70.12,83,62,0.6,broken clouds
381,umm kaddadah,SD,13.6017,26.6876,53.31,29,82,14.29,broken clouds
382,temyasovo,RU,52.9933,58.1014,5.36,96,100,1.5,overcast clouds
383,groningen,NL,53.25,6.75,41.09,84,20,5.99,few clouds
384,boddam,GB,57.4667,-1.7833,39.38,69,12,20.42,few clouds
385,konyshevka,RU,51.8418,35.2941,28.11,92,100,12.59,overcast clouds
386,lodja,CD,-3.4833,23.4333,70.05,96,100,2.33,overcast clouds
387,casselman,CA,45.3168,-75.0826,20.48,73,100,6.91,overcast clouds
388,la asuncion,VE,11.0333,-63.8628,78.53,89,8,13.8,clear sky
389,gazojak,TM,41.1875,61.4036,32.77,63,21,6.26,few clouds
390,atasu,KZ,48.6814,71.6433,25.25,96,100,15.1,snow
391,camana,PE,-16.6228,-72.7111,71.55,80,98,4.61,overcast clouds
392,koygorodok,RU,60.445,50.9968,18.77,95,100,5.53,overcast clouds
393,alta floresta,BR,-9.8756,-56.0861,72.39,96,94,1.54,moderate rain
394,qesarya,IL,32.5189,34.9046,56.35,77,67,9.22,broken clouds
395,kamenka,RU,51.3223,42.7678,13.5,100,89,5.91,overcast clouds
396,ustye,RU,59.6304,39.736,8.58,96,100,8.19,overcast clouds
397,yarmouth,US,41.7057,-70.2286,32.14,75,100,4.0,overcast clouds
398,gravdal,NO,68.1214,13.5031,34.56,82,100,9.37,light snow
399,kanalia,GR,39.5,22.8833,42.76,84,12,5.37,few clouds
400,nara,JP,34.6851,135.8049,43.97,50,99,5.53,overcast clouds
401,haverfordwest,GB,51.8017,-4.9691,42.82,84,24,14.92,few clouds
402,conde,BR,-7.2597,-34.9075,78.26,78,20,4.61,few clouds
403,saurimo,AO,-9.6608,20.3916,62.17,96,100,3.89,overcast clouds
404,horki,BY,54.2861,30.9842,31.35,95,100,15.28,overcast clouds
405,maxixe,MZ,-23.8597,35.3472,75.72,84,68,12.37,broken clouds
406,salas,ES,43.4118,-6.2602,44.35,80,44,4.36,scattered clouds
407,verkhnyaya inta,RU,65.9811,60.3094,8.78,80,100,7.31,overcast clouds
408,sulaco,HN,14.9167,-87.2667,66.72,94,81,4.18,broken clouds
409,kang,BW,-23.6752,22.7876,68.92,58,53,7.63,broken clouds
410,cochrane,CA,51.1834,-114.4687,47.44,29,0,23.02,clear sky
411,shostka,UA,51.863,33.4698,24.24,94,92,10.96,overcast clouds
412,kathmandu,NP,27.7167,85.3167,41.22,100,40,2.3,mist
413,sisimiut,GL,66.9395,-53.6735,3.0,92,100,12.12,overcast clouds
414,tampere,FI,61.4991,23.7871,30.81,93,100,5.75,overcast clouds
415,fatehpur,IN,25.9333,80.8,50.77,69,0,1.95,clear sky
416,los llanos de aridane,ES,28.6585,-17.9182,62.35,72,20,20.0,few clouds
417,bereda,ES,43.2686,-7.5406,43.92,98,79,1.9,broken clouds
418,kimovsk,RU,53.9716,38.5319,19.44,97,81,8.05,broken clouds
419,mbeya,TZ,-8.9,33.45,57.96,92,100,1.79,overcast clouds
420,visnes,NO,59.3556,5.2242,39.25,70,90,26.46,overcast clouds
421,mattawa,US,46.7379,-119.9028,45.0,91,91,5.01,overcast clouds
422,aksarka,RU,66.5606,67.7975,-14.73,100,96,6.6,overcast clouds
423,lumeje,AO,-11.55,20.7833,63.45,77,100,5.3,overcast clouds
424,geghamasar,AM,40.3109,45.6792,11.37,79,52,1.39,broken clouds
425,prainha,BR,-1.8,-53.48,73.36,97,100,2.1,heavy intensity rain
426,takoradi,GH,4.8845,-1.7554,79.05,86,100,6.46,overcast clouds
427,timmins,CA,48.4669,-81.3331,15.62,86,100,6.91,light snow
428,sorland,NO,67.667,12.6934,35.38,87,100,12.71,overcast clouds
429,buzdyak,RU,54.5833,54.55,16.54,97,100,2.57,light snow
430,nowy dwor mazowiecki,PL,52.4302,20.7165,41.29,90,75,19.57,broken clouds
431,puerto montt,CL,-41.4698,-72.9447,59.83,82,0,5.75,clear sky
432,mao,ES,39.8885,4.2658,46.96,93,40,4.61,scattered clouds
433,french harbor,HN,16.35,-86.4333,73.4,88,40,0.0,scattered clouds
434,qasigiannguit,GL,68.8193,-51.1922,-1.14,98,100,8.52,light snow
435,muros,ES,42.7762,-9.0603,51.24,91,24,8.84,few clouds
436,hadejia,NG,12.4498,10.0444,62.49,18,0,10.4,clear sky
437,sipe sipe,BO,-17.45,-66.3833,54.75,86,100,3.53,overcast clouds
438,meybod,IR,32.2501,54.0166,37.42,45,0,5.53,clear sky
439,gazanjyk,TM,39.2446,55.5154,37.09,79,98,7.87,overcast clouds
440,ringas,IN,27.35,75.5667,54.39,53,5,4.34,clear sky
441,agadez,NE,19.75,10.25,56.37,17,0,5.03,clear sky
442,reyes,BO,-14.3167,-67.3833,69.03,99,94,2.68,overcast clouds
443,salalah,OM,17.0151,54.0924,68.58,28,83,15.17,broken clouds
444,alvaraes,BR,-3.2208,-64.8042,78.67,97,100,2.21,overcast clouds
445,alcoa,US,35.7895,-83.9738,38.82,80,0,1.95,clear sky
446,buritizeiro,BR,-17.3511,-44.9622,67.82,98,100,0.83,overcast clouds
447,umba,RU,66.6871,34.3429,14.43,93,100,14.81,overcast clouds
448,itupiranga,BR,-5.1347,-49.3267,73.44,96,100,2.35,heavy intensity rain
449,kismayo,SO,-0.3582,42.5454,77.58,82,85,15.93,overcast clouds
450,andenes,NO,69.3143,16.1194,30.18,80,100,9.22,overcast clouds
451,kristiinankaupunki,FI,62.2743,21.376,23.43,99,54,8.23,broken clouds
452,ankara,TR,39.9199,32.8543,29.32,91,12,2.73,few clouds
453,girne,CY,35.3417,33.3167,57.29,76,2,1.28,clear sky
454,saint-joseph,RE,-21.3667,55.6167,77.38,80,78,11.12,broken clouds
455,birjand,IR,32.8663,59.2211,30.67,69,0,4.61,clear sky
456,dinguiraye,GN,11.3,-10.7167,70.16,15,2,2.64,clear sky
457,makhinjauri,GE,41.6739,41.694,37.26,93,100,10.36,overcast clouds
458,fort-shevchenko,KZ,44.5086,50.263,35.22,95,87,12.48,light snow
459,cabedelo,BR,-6.9811,-34.8339,79.47,72,0,10.94,clear sky
460,tessalit,ML,20.1986,1.0114,60.49,16,0,6.29,clear sky
461,matagami,CA,49.7502,-77.6328,8.71,85,100,0.0,light snow
462,khushab,PK,32.2967,72.3525,50.16,59,6,6.53,clear sky
463,colares,PT,38.7992,-9.4469,53.8,51,1,5.01,clear sky
464,henderson,US,36.0397,-114.9819,62.62,25,0,5.75,clear sky
465,kudinovo,RU,54.9994,36.2533,30.25,95,100,11.61,snow
466,penzance,GB,50.1186,-5.5371,49.77,82,100,12.44,overcast clouds
467,kano,NG,12.0001,8.5167,60.69,48,0,3.44,haze
468,adrar,MR,20.5022,-10.0711,64.27,11,0,9.91,clear sky
469,vokhtoga,RU,58.8147,41.0461,5.67,98,100,6.24,overcast clouds
470,ereymentau,KZ,51.6199,73.1033,3.04,78,2,5.75,clear sky
471,abay,KZ,49.6311,72.8539,17.98,85,91,9.01,overcast clouds
472,do gonbadan,IR,30.3586,50.7981,37.49,93,0,0.0,clear sky
473,krotovka,RU,53.2858,51.1686,16.92,96,99,5.1,overcast clouds
474,basoko,CD,1.2391,23.616,69.26,40,100,0.45,overcast clouds
475,sheopur,IN,25.6667,76.7,55.04,46,0,2.82,clear sky
476,palmeira,BR,-25.4294,-50.0064,64.62,90,2,3.0,clear sky
477,belmonte,BR,-15.8631,-38.8828,79.3,85,38,6.49,scattered clouds
478,navirai,BR,-23.065,-54.1906,67.96,68,96,4.41,overcast clouds
479,galdar,ES,28.147,-15.6502,63.1,79,22,18.21,few clouds
480,nzega,RW,-2.479,29.5564,55.49,90,100,4.59,overcast clouds
481,dzaoudzi,YT,-12.7887,45.2699,80.49,89,75,4.61,broken clouds
482,sarankhola,BD,22.3082,89.7897,60.78,63,82,3.06,broken clouds
483,hilton head island,US,32.2163,-80.7526,44.98,87,100,16.11,overcast clouds
484,maragheh,IR,37.3917,46.2398,25.21,91,92,2.91,overcast clouds
485,nuwara eliya,LK,6.9708,80.7829,56.26,74,93,1.01,overcast clouds
486,harper,LR,4.375,-7.7169,78.94,83,100,6.35,overcast clouds
487,sinazongwe,ZM,-17.2614,27.4618,73.36,73,86,3.76,overcast clouds
488,verkhnyachka,UA,48.8285,30.0396,31.78,76,94,11.36,overcast clouds
489,mantsala,FI,60.6609,25.2838,33.48,97,100,3.33,overcast clouds
490,sambava,MG,-14.2667,50.1667,74.53,87,47,4.68,scattered clouds
491,berlevag,NO,70.8578,29.0864,19.38,86,53,21.03,broken clouds
492,george town,MY,5.4112,100.3354,80.53,89,20,0.0,few clouds
493,kensington,AU,-33.9167,151.2167,75.76,64,75,8.99,light rain
494,opuwo,NA,-18.0607,13.84,67.19,48,98,2.26,overcast clouds
495,albany,US,42.6001,-73.9662,20.3,80,10,2.93,clear sky
496,huarmey,PE,-10.0681,-78.1522,71.44,77,100,6.64,overcast clouds
497,kindu,CD,-2.95,25.95,69.17,97,100,3.91,moderate rain
498,surab,PK,28.4914,66.2585,43.11,56,36,3.71,scattered clouds
499,robertsganj,IN,24.7,83.0667,52.12,56,0,2.89,clear sky
500,hearst,CA,49.6835,-83.6665,5.25,95,100,8.14,overcast clouds
501,kerouane,GN,9.2667,-9.0167,70.48,19,5,2.21,clear sky
502,skibbereen,IE,51.55,-9.2667,52.11,96,78,8.14,broken clouds
503,emba,KZ,48.8264,58.1442,12.22,97,100,9.26,overcast clouds
504,mumford,GH,5.2618,-0.759,79.29,86,100,6.91,overcast clouds
505,tirumullaivasal,IN,11.2333,79.8333,75.78,74,100,6.46,overcast clouds
506,sao paulo de olivenca,BR,-3.3783,-68.8725,73.38,97,98,2.21,light rain
507,asfi,MA,32.2994,-9.2372,56.66,76,49,12.97,scattered clouds
508,catamarca,AR,-28.4696,-65.7852,66.04,72,27,7.65,scattered clouds
509,vestmanna,FO,62.1564,-7.1664,31.12,59,20,13.8,few clouds
510,merzifon,TR,40.8733,35.4631,20.66,93,40,0.0,scattered clouds
511,wukari,NG,7.85,9.7833,70.3,21,0,4.43,clear sky
512,pergamino,AR,-33.89,-60.5736,61.25,61,0,7.02,clear sky
513,yalutorovsk,RU,56.6536,66.3006,-1.62,88,80,6.17,broken clouds
514,wamba,NG,8.9333,8.6,69.84,23,0,4.52,clear sky
515,khorixas,NA,-20.3667,14.9667,70.95,74,100,6.04,light rain
516,jilib,SO,0.4883,42.7854,74.52,84,91,8.88,overcast clouds
517,nexo,DK,55.0607,15.1306,35.69,84,98,16.58,overcast clouds
518,kazanskaya,RU,45.4106,40.4361,31.78,89,100,9.15,overcast clouds
519,yenagoa,NG,4.9247,6.2642,75.79,88,1,2.26,clear sky
520,sevilla,ES,37.3824,-5.9761,52.0,82,0,5.01,clear sky
521,le port,RE,-20.9373,55.2919,78.8,74,84,10.0,broken clouds
522,millville,US,39.4021,-75.0393,34.88,76,14,3.62,few clouds
523,makat,KZ,47.6469,53.3463,22.93,87,100,8.41,overcast clouds
524,adelaide,AU,-34.9333,138.6,91.56,25,0,7.0,clear sky
525,olinda,BR,-8.0089,-34.8553,82.13,69,75,5.75,broken clouds
526,kotka,FI,60.4664,26.9458,33.06,94,100,6.96,overcast clouds
527,pychas,RU,56.5033,52.4409,16.05,98,100,3.91,light snow
528,pachino,IT,36.7186,15.0907,53.64,79,68,18.79,broken clouds
529,ouallam,NE,14.3188,2.0866,65.71,14,0,10.78,clear sky
530,nizhniy lomov,RU,53.5304,43.6766,20.98,96,100,4.63,snow
531,laguna,US,38.421,-121.4238,62.44,60,0,5.75,clear sky
532,can,TR,40.0333,27.0524,38.28,83,0,4.27,clear sky
533,alvdal,NO,62.1077,10.6307,26.44,89,33,5.57,scattered clouds
534,la cumbre,AR,-30.982,-64.4914,56.64,78,0,1.99,clear sky
535,sehithwa,BW,-20.4667,22.7167,67.21,70,3,5.82,clear sky
536,mabaruma,GY,8.2,-59.7833,72.88,98,100,2.91,overcast clouds
537,trincomalee,LK,8.5711,81.2335,79.47,72,67,10.98,broken clouds
538,naushahro firoz,PK,26.8424,68.123,59.2,32,5,6.51,clear sky
539,puerto rondon,CO,6.2805,-71.1,79.5,57,41,5.19,scattered clouds
540,tigre,AR,-34.426,-58.5796,68.0,71,0,6.91,clear sky
541,falun,SE,60.6036,15.626,25.21,94,55,2.84,broken clouds
542,prieska,ZA,-29.6641,22.7474,73.85,56,87,4.72,overcast clouds
543,mayahi,NE,13.9553,7.6712,60.8,14,0,11.45,clear sky
544,monrovia,LR,6.3005,-10.7969,79.61,84,98,5.19,overcast clouds
545,calatayud,ES,41.3535,-1.6432,41.65,53,97,4.12,overcast clouds
546,guantanamo,CU,20.1444,-75.2092,76.46,82,17,4.9,few clouds
547,galle,LK,6.0367,80.217,79.23,72,99,1.16,overcast clouds
548,marathon,US,44.9,-89.7668,22.24,85,100,8.05,overcast clouds
549,tyukhtet,RU,56.5389,89.3011,2.82,93,25,5.3,scattered clouds
550,arroyo,ES,41.6096,-4.7969,36.59,80,0,5.75,clear sky
551,talgar,KZ,43.3027,77.2395,28.56,100,100,4.47,mist
552,carinhanha,BR,-14.3047,-43.765,67.62,94,100,2.8,overcast clouds
553,marsaxlokk,MT,35.8419,14.5431,56.08,87,20,8.05,few clouds
554,alingsas,SE,57.9303,12.5335,38.44,89,10,4.25,clear sky
555,birpur,IN,26.5167,87.0167,56.3,70,3,2.84,clear sky
556,bubaque,GW,11.2833,-15.8333,76.87,70,6,9.28,clear sky
557,ler,SS,8.3018,30.1418,68.92,21,100,5.88,overcast clouds
558,parole,US,38.9796,-76.5305,34.11,60,100,5.73,overcast clouds
559,atbasar,KZ,51.8,68.3333,6.22,90,94,8.86,overcast clouds
560,shache,CN,38.4167,77.2406,25.72,60,100,3.13,overcast clouds
561,bentiu,SS,9.2333,29.8333,66.18,21,26,5.28,scattered clouds
562,mezen,RU,65.8522,44.24,12.38,93,100,9.98,overcast clouds
563,tubuala,PA,9.5167,-79.0333,78.91,75,8,11.39,clear sky
564,raudeberg,NO,61.9875,5.1352,39.2,88,100,5.01,overcast clouds
565,kontagora,NG,10.3999,5.4695,71.76,19,0,6.82,clear sky
566,ariquemes,BR,-9.9133,-63.0408,72.5,97,90,2.53,overcast clouds
567,svencionys,LT,55.15,26.1667,32.32,97,100,14.74,snow
568,mashhad,IR,36.297,59.6062,30.34,100,100,0.0,overcast clouds
569,claymont,US,39.8007,-75.4596,31.64,75,5,3.0,clear sky
570,yabrud,SY,33.9674,36.6574,38.86,80,76,3.2,broken clouds
571,malakal,SS,9.5334,31.6605,69.78,18,100,8.39,overcast clouds
572,sovetskoye,RU,52.2861,85.4131,-8.28,95,40,3.15,scattered clouds
573,san pedro,PH,14.35,121.0167,82.35,78,75,3.44,broken clouds
574,santa isabel do rio negro,BR,-0.4139,-65.0192,72.23,97,95,2.35,overcast clouds
575,mbulu,TZ,-3.85,35.5333,59.18,88,100,1.83,light rain
576,barranca,PE,-10.75,-77.7667,70.75,75,100,7.31,overcast clouds
577,uray,RU,60.1247,64.7758,8.78,94,100,8.86,overcast clouds
578,maceio,BR,-9.6658,-35.7353,76.44,83,20,3.44,few clouds
579,kautokeino,NO,69.0125,23.0412,-0.72,100,100,2.55,overcast clouds
580,salar,ES,37.1499,-4.0191,51.22,87,3,1.61,clear sky
581,marienburg,PL,54.0359,19.0266,42.96,74,100,14.27,overcast clouds
582,maragogi,BR,-9.0122,-35.2225,78.26,77,28,7.49,scattered clouds
583,gornopravdinsk,RU,60.05,69.9,10.33,93,100,8.81,overcast clouds
584,asyut,EG,27.181,31.1837,46.58,57,0,5.99,clear sky
585,garwa,IN,24.1833,83.8167,52.9,48,0,2.28,clear sky
586,ornskoldsvik,SE,63.2909,18.7153,23.95,100,100,2.3,overcast clouds
587,kheda,IN,22.75,72.6833,61.09,62,0,2.59,clear sky
588,gwanda,ZW,-20.9333,29.0,61.77,84,1,7.78,clear sky
589,san luis,AR,-33.295,-66.3356,61.88,34,0,12.37,clear sky
590,kovernino,RU,57.1253,43.8142,-0.78,99,80,4.21,broken clouds
591,moose factory,CA,51.2585,-80.6094,-4.0,77,0,5.75,clear sky
592,ozark,US,37.0209,-93.206,39.61,77,66,5.82,broken clouds
593,oktyabrskiy,RU,54.4815,53.471,11.43,98,100,2.98,overcast clouds
594,lagdo,CM,9.05,13.7333,69.71,20,6,2.48,clear sky
595,teguldet,RU,57.3064,88.1667,0.57,98,10,4.07,clear sky
596,zambezi,ZM,-13.5432,23.1047,64.92,99,100,1.36,moderate rain
597,chachapoyas,PE,-6.2317,-77.869,55.11,96,100,1.72,light rain
598,algiers,DZ,36.7525,3.042,44.42,93,40,2.3,scattered clouds
599,nawashahr,IN,31.1167,76.1333,48.79,83,38,2.55,scattered clouds
600,naryan-mar,RU,67.6713,53.087,15.28,87,100,17.16,overcast clouds
601,lure,FR,47.75,6.5,45.77,81,75,11.5,broken clouds
602,kirovskiy,RU,45.0917,133.5136,7.95,87,98,5.46,overcast clouds
603,ovre ardal,NO,61.3167,7.8,22.01,98,100,4.74,light snow
604,maraa,BR,-1.8333,-65.3667,72.91,92,100,2.75,overcast clouds
605,terme,TR,41.2092,36.9739,38.46,70,93,5.37,overcast clouds
606,lomas de sargentillo,EC,-1.8833,-80.0833,75.58,93,66,1.23,light rain
607,baft,IR,29.234,56.6057,33.98,84,1,3.09,clear sky
608,yining,CN,29.0361,114.5636,35.55,100,100,1.92,overcast clouds
609,shelburne,CA,44.0787,-80.2041,27.05,74,100,15.88,overcast clouds
610,valparaiso,CL,-33.0393,-71.6273,65.48,81,100,6.91,overcast clouds
611,chapada dos guimaraes,BR,-15.4606,-55.7497,69.46,94,100,2.13,overcast clouds
612,palampur,IN,32.1167,76.5333,42.75,64,92,5.03,overcast clouds
613,ampanihy,MG,-24.7,44.75,73.27,90,100,14.54,light rain
614,houma,US,29.5958,-90.7195,48.0,62,0,4.56,clear sky
615,cururupu,BR,-1.8283,-44.8683,75.02,95,100,2.26,overcast clouds
616,dornbirn,AT,47.4167,9.7331,47.16,72,75,15.99,moderate rain
617,panama city,PA,8.9936,-79.5197,78.75,73,0,5.75,clear sky
618,suksun,RU,57.1431,57.3949,1.99,95,13,6.08,few clouds
619,sindor,RU,62.8629,51.8905,16.7,95,100,6.8,overcast clouds
620,damietta,EG,31.4165,31.8133,53.49,70,0,8.61,clear sky
621,koslan,RU,63.4564,48.8989,15.71,95,98,6.49,overcast clouds
622,leh,IN,34.1667,77.5833,6.73,95,100,1.95,overcast clouds
623,gwadar,PK,25.1216,62.3254,68.97,71,0,5.53,clear sky
624,graaff-reinet,ZA,-32.2522,24.5308,73.08,50,49,5.01,scattered clouds
625,nuuk,GL,64.1835,-51.7216,1.8,71,100,7.58,overcast clouds
626,port-gentil,GA,-0.7193,8.7815,79.72,84,25,10.76,scattered clouds
627,gweta,BW,-20.1833,25.2333,69.01,61,0,9.86,clear sky
628,sistranda,NO,63.7256,8.834,37.36,67,100,26.22,overcast clouds
629,ambovombe,MG,-25.1667,46.0833,75.06,94,100,14.88,moderate rain
630,maldonado,UY,-34.6667,-54.9167,67.23,84,100,14.07,overcast clouds
631,kathu,TH,7.9178,98.3332,83.62,76,92,7.49,overcast clouds
632,nantucket,US,41.2835,-70.0995,32.14,70,0,10.36,clear sky
633,sogne,NO,58.0833,7.8167,37.69,62,4,19.13,clear sky
634,sawakin,SD,19.1059,37.3321,67.08,62,4,10.38,clear sky
635,camocim,BR,-2.9022,-40.8411,77.63,86,5,8.59,clear sky
636,iralaya,HN,15.0,-83.2333,74.68,68,3,7.56,clear sky
637,avallon,FR,47.4833,3.9,46.87,84,100,20.2,overcast clouds
638,sur,OM,22.5667,59.5289,69.21,65,0,11.07,clear sky
639,kamina,CD,-8.7386,24.9906,63.55,97,100,4.56,overcast clouds
640,ihosy,MG,-22.4,46.1167,68.74,89,98,9.82,overcast clouds
641,saint-francois,FR,46.4154,3.9054,49.44,88,100,14.97,overcast clouds
642,caucaia,BR,-3.7361,-38.6531,82.04,73,20,5.75,few clouds
643,kutum,SD,14.2,24.6667,47.77,31,31,8.72,scattered clouds
644,ampere,BR,-25.915,-53.4728,61.43,67,0,4.32,clear sky
645,asadabad,IR,34.7824,48.1185,26.55,81,95,3.31,overcast clouds
646,xai-xai,MZ,-25.0519,33.6442,75.67,78,61,12.97,broken clouds
647,sao felix do xingu,BR,-6.6447,-51.995,72.27,97,95,1.01,overcast clouds
648,staryy nadym,RU,65.6118,72.6842,-15.68,100,97,8.34,overcast clouds
649,panjakent,TJ,39.4952,67.6093,31.8,85,100,0.54,overcast clouds
650,marystown,CA,47.1666,-55.1483,19.85,100,93,12.91,overcast clouds
651,obo,CF,5.3998,26.4869,64.78,21,93,4.54,overcast clouds
652,agapovka,RU,53.2973,59.1348,7.81,97,99,3.38,overcast clouds
653,rock sound,BS,24.9,-76.2,74.39,62,4,13.22,clear sky
654,rio cuarto,AR,-33.1307,-64.3499,51.67,53,0,3.0,clear sky
655,ljig,RS,44.2301,20.2382,45.73,81,100,6.53,overcast clouds
656,oranjemund,NA,-28.55,16.4333,65.41,78,7,4.34,clear sky
657,mersin,TR,36.862,34.6509,36.75,53,0,4.52,clear sky
658,marsala,IT,37.7966,12.4352,55.99,73,41,20.96,scattered clouds
659,issoudun,FR,47.0,1.8333,49.91,93,100,18.41,overcast clouds
660,datia,IN,25.6667,78.4667,51.98,56,0,5.19,clear sky
661,fabriano,IT,43.3406,12.9073,51.76,82,100,16.96,overcast clouds
662,mairi,BR,-11.7114,-40.1489,72.09,82,92,6.46,overcast clouds
663,oistins,BB,13.0667,-59.5333,78.89,78,75,14.97,broken clouds
664,santa maria da vitoria,BR,-13.3947,-44.1886,69.6,92,100,2.33,overcast clouds
665,bethanien,NA,-26.502,17.1583,73.53,59,95,5.97,overcast clouds
666,alibag,IN,18.6411,72.8792,71.67,75,95,4.61,overcast clouds
667,pizarro,CO,4.9533,-77.366,76.48,83,34,0.65,scattered clouds
668,bonavista,CA,48.6499,-53.1147,13.12,64,56,19.98,broken clouds
669,nicoya,CR,10.1483,-85.452,80.15,69,4,8.66,clear sky
670,chicama,PE,-7.8447,-79.1469,66.74,73,99,5.35,overcast clouds
671,saintes,FR,45.6667,-0.75,51.55,94,80,14.97,broken clouds
672,east massapequa,US,40.6734,-73.4365,32.02,77,97,1.01,overcast clouds
673,zapadnaya dvina,RU,56.259,32.0745,29.77,95,100,9.64,light snow
674,yarada,IN,17.65,83.2667,64.72,100,20,2.3,mist
675,marrakesh,MA,31.6315,-8.0083,59.07,58,0,3.44,clear sky
676,bataipora,BR,-22.2953,-53.2711,70.45,85,98,3.69,overcast clouds
677,sawai madhopur,IN,25.9833,76.3667,51.82,54,0,2.98,clear sky
678,sotik,KE,-0.6833,35.1187,55.02,77,100,2.33,overcast clouds
679,kambove,CD,-10.8764,26.5969,60.69,98,100,2.82,light rain
680,zyryanskoye,RU,56.8306,86.6258,-1.05,95,5,6.2,clear sky
681,chazuta,PE,-6.5742,-76.1367,79.65,97,100,0.96,overcast clouds
682,grindavik,IS,63.8424,-22.4338,30.67,93,100,35.68,heavy snow
683,broadstairs,GB,51.3591,1.4394,42.62,64,5,10.0,clear sky
684,lima,PE,-12.0432,-77.0282,68.4,40,0,5.75,clear sky
